,missing,extra
12/02/19,shangxuan,
12/03/19,,
12/04/19,,
12/05/19,,
12/06/19,taiyijiuku,
12/07/19,yicongdaxue,
12/08/19,,
12/09/19,,
12/10/19,sitianwang,
12/11/19,,
12/12/19,,
12/13/19,,
12/14/19,,
12/15/19,,
12/16/19,,
12/17/19,,
12/18/19,,
12/19/19,,
12/20/19,,
12/21/19,siliri,
12/22/19,yinyangxiangpan,
12/23/19,,
12/24/19,,
12/25/19,,
12/26/19,,
12/27/19,,
12/28/19,,
12/29/19,dongzhihougengri,
12/30/19,dongzhihouxinri,xinri
12/31/19,,
01/01/20,shangxuan,
01/02/20,,
01/03/20,,
01/04/20,,
01/05/20,,
01/06/20,太素三元君朝真,
01/07/20,,
01/08/20,,
01/09/20,sitianwang,
01/10/20,,
01/11/20,,
01/12/20,,
01/13/20,,
01/14/20,,
01/15/20,,
01/16/20,,
01/17/20,,
01/18/20,,
01/19/20,,
01/20/20,dongzhihoudisanxuri,
01/21/20,,
01/22/20,,
01/23/20,,
01/24/20,,
01/25/20,"milepusashengdan,tianla",
01/26/20,,
01/27/20,wanshenduhui,
01/28/20,,
01/29/20,wuxuji,
01/30/20,"dingguangfodan,liuhaoji",
01/31/20,"shangxuan,shanghui",
02/01/20,"guanyinzhai,wudianyanluo",
02/02/20,yuhuangdadidan,
02/03/20,,
02/04/20,siliri,
02/05/20,"jingzongqizu,",
02/06/20,,
02/07/20,sanyuanjiang,
02/08/20,"sanyuanjiang,shangyuanshenhui,sitianwang",
02/09/20,sanyuanjiang,
02/10/20,,
02/11/20,,
02/12/20,,
02/13/20,,
02/14/20,jingzongjiuzu,
02/15/20,,
02/16/20,sanshishen,
02/17/20,,
02/18/20,tiancangkairi,
02/19/20,,
02/20/20,,
02/21/20,,
02/22/20,,
02/23/20,,
02/24/20,,
02/25/20,,
02/26/20,,
02/27/20,taisuiri,
02/28/20,,
02/29/20,,
03/01/20,,
03/02/20,,
03/03/20,,
03/04/20,,
03/05/20,,
03/06/20,,
03/07/20,,
03/08/20,sitianwang,
03/09/20,,
03/10/20,,
03/11/20,,
03/12/20,,
03/13/20,,
03/14/20,,
03/15/20,,
03/16/20,,
03/17/20,,
03/18/20,,
03/19/20,,
03/20/20,,
03/21/20,,
03/22/20,,
03/23/20,,
03/24/20,,
03/25/20,,
03/26/20,,
03/27/20,,
03/28/20,,
03/29/20,,
03/30/20,shangxuan,
03/31/20,,
04/01/20,,
04/02/20,,
04/03/20,,
04/04/20,,
04/05/20,,
04/06/20,,
04/07/20,sitianwang,
04/08/20,,
04/09/20,,
04/10/20,,
04/11/20,,
04/12/20,,
04/13/20,,
04/14/20,,
04/15/20,,
04/16/20,,
04/17/20,,
04/18/20,,
04/19/20,,
04/20/20,,
04/21/20,,
04/22/20,,
04/23/20,,
04/24/20,,
04/25/20,,
04/26/20,,
04/27/20,taisuiri,
04/28/20,,
04/29/20,shangxuan,
04/30/20,善恶童子降,
05/01/20,,
05/02/20,,
05/03/20,,
05/04/20,,
05/05/20,siliri,
05/06/20,,
05/07/20,sitianwang,
05/08/20,,
05/09/20,,
05/10/20,,
05/11/20,,
05/12/20,,
05/13/20,,
05/14/20,,
05/15/20,,
05/16/20,,
05/17/20,,
05/18/20,,
05/19/20,,
05/20/20,,
05/21/20,,
05/22/20,,
05/23/20,,
05/24/20,,
05/25/20,,
05/26/20,,
05/27/20,,
05/28/20,,
05/29/20,"shangxuan,shi-e-da-bai",
05/30/20,"jiudianpingdengwang,善恶童子降,wanshenshanhua",
05/31/20,,
06/01/20,,
06/02/20,,
06/03/20,,
06/04/20,,
06/05/20,,
06/06/20,sitianwang,
06/07/20,,
06/08/20,"huibairi,",
06/09/20,,huibairi
06/10/20,,
06/11/20,,
06/12/20,,
06/13/20,,
06/14/20,,
06/15/20,,
06/16/20,,
06/17/20,shizhairi,
06/18/20,,
06/19/20,,
06/20/20,"simingzoushi,yuehui",
06/21/20,,
06/22/20,,
06/23/20,guanyinzhai,
06/24/20,,
06/25/20,,
06/26/20,taisuiri,
06/27/20,shangxuan,
06/28/20,,nanfangwudaodan
06/29/20,,
06/30/20,,
07/01/20,,
07/02/20,,
07/03/20,,guanyinzhai
07/04/20,yezishiweitiandi,
07/05/20,sitianwang,
07/06/20,tiandiyuanqizaohua,
07/07/20,,
07/08/20,,
07/09/20,,
07/10/20,,
07/11/20,,
07/12/20,,
07/13/20,,
07/14/20,,
07/15/20,,
07/16/20,,
07/17/20,,
07/18/20,,
07/19/20,,
07/20/20,,
07/21/20,,
07/22/20,,
07/23/20,,
07/24/20,,
07/25/20,,
07/26/20,zhongfu,
07/27/20,shangxuan,
07/28/20,,
07/29/20,,
07/30/20,jinlirulaidan,
07/31/20,,
08/01/20,,
08/02/20,,
08/03/20,,
08/04/20,sitianwang,
08/05/20,,
08/06/20,xinri,
08/07/20,siliri,
08/08/20,,
08/09/20,,
08/10/20,,
08/11/20,,
08/12/20,,
08/13/20,,
08/14/20,,
08/15/20,mofu,
08/16/20,,
08/17/20,,
08/18/20,,
08/19/20,,
08/20/20,jingzongbazu,
08/21/20,,
08/22/20,,
08/23/20,,
08/24/20,,
08/25/20,"shangxuan,kuixingdan,taisuiri",
08/26/20,"sitianwang,diguanjiaoji",
08/27/20,,
08/28/20,,
08/29/20,,
08/30/20,,
08/31/20,,
09/01/20,,
09/02/20,,
09/03/20,,
09/04/20,,
09/05/20,,
09/06/20,,
09/07/20,,
09/08/20,,
09/09/20,,
09/10/20,,
09/11/20,,
09/12/20,,
09/13/20,,
09/14/20,,
09/15/20,,
09/16/20,,
09/17/20,,
09/18/20,,
09/19/20,,
09/20/20,,
09/21/20,,
09/22/20,jingzongchuzu,
09/23/20,shangxuan,
09/24/20,,
09/25/20,,
09/26/20,,
09/27/20,,
09/28/20,,
09/29/20,,
09/30/20,,
10/01/20,sitianwang,
10/02/20,,
10/03/20,,
10/04/20,,tiancao
10/05/20,,
10/06/20,,
10/07/20,,
10/08/20,,
10/09/20,,
10/10/20,,
10/11/20,,
10/12/20,,
10/13/20,,
10/14/20,,
10/15/20,,zhushenkaojiao
10/16/20,zhushenkaojiao,
10/17/20,nandoudan,
10/18/20,,
10/19/20,,
10/20/20,,
10/21/20,,
10/22/20,,
10/23/20,shangxuan,
10/24/20,taisuiri,
10/25/20,xuantianshangdi,
10/26/20,,
10/27/20,,
10/28/20,,
10/29/20,Shi-e-da-bai,
10/30/20,,
10/31/20,sitianwang,
11/01/20,,
11/02/20,,
11/03/20,,
11/04/20,,
11/05/20,,
11/06/20,,
11/07/20,siliri,
11/08/20,,
11/09/20,,
11/10/20,,
11/11/20,,
11/12/20,,
11/13/20,,
11/14/20,,
11/15/20,,
11/16/20,,
11/17/20,,
11/18/20,,
11/19/20,,
11/20/20,,
11/21/20,shangxuan,
11/22/20,Foniepan-dajiseyu,
11/23/20,,
11/24/20,,
11/25/20,,
11/26/20,,
11/27/20,,
11/28/20,,
11/29/20,sitianwang,
11/30/20,,
12/01/20,,
12/02/20,,
12/03/20,,
12/04/20,,
12/05/20,,
12/06/20,,
12/07/20,,
12/08/20,,
12/09/20,,
12/10/20,,
12/11/20,beijiziweidati,
12/12/20,,
12/13/20,,
12/14/20,,
12/15/20,,
12/16/20,,
12/17/20,,
12/18/20,jingzongshisanzu,
12/19/20,,
12/20/20,,
12/21/20,shangxuan,
12/22/20,,
12/23/20,taisuiri,
12/24/20,,
12/25/20,taiyijiuku,
12/26/20,,
12/27/20,,
12/28/20,,
12/29/20,sitianwang,
12/30/20,,
12/31/20,jingzongerzu,huibairi
01/01/21,,
01/02/21,,
01/03/21,,
01/04/21,,
01/05/21,,
01/06/21,,
01/07/21,,
01/08/21,,
01/09/21,,
01/10/21,,
01/11/21,,
01/12/21,,
01/13/21,,
01/14/21,,
01/15/21,,
01/16/21,,
01/17/21,,
01/18/21,,
01/19/21,,
01/20/21,,
01/21/21,,
01/22/21,,
01/23/21,,
01/24/21,,
01/25/21,,
01/26/21,,
01/27/21,,
01/28/21,,
01/29/21,,
01/30/21,,
01/31/21,,
02/01/21,,
02/02/21,,
02/03/21,,
02/04/21,,
02/05/21,,
02/06/21,,
02/07/21,,
02/08/21,,
02/09/21,,
02/10/21,,
02/11/21,,
02/12/21,,
02/13/21,,
02/14/21,,
02/15/21,,
02/16/21,,
02/17/21,,
02/18/21,,
02/19/21,,
02/20/21,,
02/21/21,,
02/22/21,,
02/23/21,,
02/24/21,,
02/25/21,,
02/26/21,,
02/27/21,,
02/28/21,,
03/01/21,,
03/02/21,,
03/03/21,,
03/04/21,,
03/05/21,,
03/06/21,,
03/07/21,,
03/08/21,,
03/09/21,,
03/10/21,,
03/11/21,,
03/12/21,,
03/13/21,,
03/14/21,,
03/15/21,,
03/16/21,,
03/17/21,,
03/18/21,,
03/19/21,,
03/20/21,,
03/21/21,,
03/22/21,,
03/23/21,,
03/24/21,,
03/25/21,,
03/26/21,,
03/27/21,,
03/28/21,,
03/29/21,,
03/30/21,,
03/31/21,,
04/01/21,,
04/02/21,,
04/03/21,,
04/04/21,,
04/05/21,,
04/06/21,,
04/07/21,,
04/08/21,,
04/09/21,,
04/10/21,,
04/11/21,,
04/12/21,,
04/13/21,,
04/14/21,,
04/15/21,,
04/16/21,,
04/17/21,,
04/18/21,,
04/19/21,,
04/20/21,,
04/21/21,,
04/22/21,,
04/23/21,,
04/24/21,,
04/25/21,,
04/26/21,,
04/27/21,,
04/28/21,,
04/29/21,,
04/30/21,,
05/01/21,,
05/02/21,,
05/03/21,,
05/04/21,,
05/05/21,,
05/06/21,,
05/07/21,,
05/08/21,,
05/09/21,,
05/10/21,,
05/11/21,,
05/12/21,,
05/13/21,,
05/14/21,,
05/15/21,,
05/16/21,,
05/17/21,,
05/18/21,,
05/19/21,,
05/20/21,,
05/21/21,,
05/22/21,,
05/23/21,,
05/24/21,,
05/25/21,,
05/26/21,,
05/27/21,,
05/28/21,,
05/29/21,,
05/30/21,,
05/31/21,,
06/01/21,,
06/02/21,,
06/03/21,,
06/04/21,,
06/05/21,,
06/06/21,,
06/07/21,,
06/08/21,,
06/09/21,,
06/10/21,,
06/11/21,,
06/12/21,,
06/13/21,,
06/14/21,,
06/15/21,,
06/16/21,,
06/17/21,,
06/18/21,,
06/19/21,,
06/20/21,,
06/21/21,,
06/22/21,,
06/23/21,,
06/24/21,,
06/25/21,,
06/26/21,,
06/27/21,,
06/28/21,,
06/29/21,,
06/30/21,,
07/01/21,,
07/02/21,,
07/03/21,,
07/04/21,,
07/05/21,,
07/06/21,,
07/07/21,,
07/08/21,,
07/09/21,,
07/10/21,,
07/11/21,,
07/12/21,,
07/13/21,,
07/14/21,,
07/15/21,,
07/16/21,,
07/17/21,,
07/18/21,,
07/19/21,,
07/20/21,,
07/21/21,,
07/22/21,,
07/23/21,,
07/24/21,,
07/25/21,,
07/26/21,,
07/27/21,,
07/28/21,,
07/29/21,,
07/30/21,,
07/31/21,,
08/01/21,,
08/02/21,,
08/03/21,,
08/04/21,,
08/05/21,,
08/06/21,,
08/07/21,,
08/08/21,,
08/09/21,,
08/10/21,,
08/11/21,,
08/12/21,,
08/13/21,,
08/14/21,,
08/15/21,,
08/16/21,,
08/17/21,,
08/18/21,,
08/19/21,,
08/20/21,,
08/21/21,,
08/22/21,,
08/23/21,,
08/24/21,,
08/25/21,,
08/26/21,,
08/27/21,,
08/28/21,,
08/29/21,,
08/30/21,,
08/31/21,,
09/01/21,,
09/02/21,,
09/03/21,,
09/04/21,,
09/05/21,,
09/06/21,,
09/07/21,,
09/08/21,,
09/09/21,,
09/10/21,,
09/11/21,,
09/12/21,,
09/13/21,,
09/14/21,,
09/15/21,,
09/16/21,,
09/17/21,,
09/18/21,,
09/19/21,,
09/20/21,,
09/21/21,,
09/22/21,,
09/23/21,,
09/24/21,,
09/25/21,,
09/26/21,,
09/27/21,,
09/28/21,,
09/29/21,,
09/30/21,,
10/01/21,,
10/02/21,,
10/03/21,,
10/04/21,,
10/05/21,,
10/06/21,,
10/07/21,,
10/08/21,,
10/09/21,,
10/10/21,,
10/11/21,,
10/12/21,,
10/13/21,,
10/14/21,,
10/15/21,,
10/16/21,,
10/17/21,,
10/18/21,,
10/19/21,,
10/20/21,,
10/21/21,,
10/22/21,,
10/23/21,,
10/24/21,,
10/25/21,,
10/26/21,,
10/27/21,,
10/28/21,,
10/29/21,,
10/30/21,,
10/31/21,,
11/01/21,,
11/02/21,,
11/03/21,,
11/04/21,,
11/05/21,,
11/06/21,,
11/07/21,,
11/08/21,,
11/09/21,,
11/10/21,,
11/11/21,,
11/12/21,,
11/13/21,,
11/14/21,,
11/15/21,,
11/16/21,,
11/17/21,,
11/18/21,,
11/19/21,,
11/20/21,,
11/21/21,,
11/22/21,,
11/23/21,,
11/24/21,,
11/25/21,,
11/26/21,,
11/27/21,,
11/28/21,,
11/29/21,,
11/30/21,,
12/01/21,,
12/02/21,,
12/03/21,,
12/04/21,,
12/05/21,,
12/06/21,,
12/07/21,,
12/08/21,,
12/09/21,,
12/10/21,,
12/11/21,,
12/12/21,,
12/13/21,,
12/14/21,,
12/15/21,,
12/16/21,,
12/17/21,,
12/18/21,,
12/19/21,,
12/20/21,,
12/21/21,,
12/22/21,,
12/23/21,,
12/24/21,,
12/25/21,,
12/26/21,,
12/27/21,,
12/28/21,,
12/29/21,,
12/30/21,,
12/31/21,,
